[0.318, 0.218, 0.192, 0.16, 0.146, 0.13, 0.2, 0.2, 0.126, 0.258, 0.202, 0.19, 0.186, 0.198, 0.2, 0.2, 0.186, 0.128, 0.154, 0.202, 0.318, 0.52, 0.2, 0.104, 0.272, 0.138, 0.2, 0.19, 0.2, 0.128, 0.146, 0.142, 0.168, 0.288, 0.152, 0.276, 0.3, 0.276, 0.166, 0.242, 0.33, 0.426, 0.46, 0.292, 0.168, 0.224, 0.2, 0.224, 0.188, 0.216, 0.22, 0.2, 0.204, 0.188, 0.202, 0.196, 0.218, 0.26, 0.172, 0.226, 0.338, 0.47, 0.488, 0.602, 0.226, 0.206, 0.2, 0.234, 0.198, 0.182, 0.17, 0.148, 0.186, 0.19, 0.178, 0.208, 0.276, 0.35, 0.156, 0.194, 0.232, 0.356, 0.354, 0.5, 0.456, 0.33, 0.2, 0.224, 0.2, 0.254, 0.216, 0.234, 0.26, 0.134, 0.256, 0.184, 0.234, 0.25, 0.196, 0.204, 0.234, 0.4, 0.298, 0.478, 0.458, 0.708, 0.2, 0.372, 0.204, 0.122, 0.104, 0.202, 0.364, 0.202, 0.202, 0.154, 0.188, 0.148, 0.198, 0.206, 0.262, 0.444, 0.262, 0.448, 0.498, 0.67, 0.548, 0.328, 0.19, 0.24, 0.14, 0.254, 0.42, 0.2, 0.272, 0.178, 0.238, 0.14, 0.132, 0.274, 0.23, 0.214, 0.192, 0.288, 0.262, 0.408, 0.32, 0.456, 0.238, 0.236, 0.176, 0.226, 0.374, 0.226, 0.204, 0.206, 0.256, 0.22, 0.196, 0.238, 0.272, 0.286, 0.172, 0.182, 0.398, 0.328, 0.388, 0.408, 0.566, 0.288, 0.098, 0.244, 0.324, 0.132, 0.206, 0.212, 0.194, 0.11, 0.126, 0.21, 0.256, 0.268, 0.256, 0.34, 0.442, 0.394, 0.398, 0.346, 0.382, 0.676, 0.122, 0.244, 0.226, 0.2, 0.236, 0.208, 0.14, 0.094, 0.122, 0.198, 0.154, 0.246, 0.156, 0.394, 0.36, 0.534, 0.386, 0.528, 0.418, 0.542, 0.45, 0.252, 0.214, 0.234, 0.218, 0.248, 0.196, 0.114, 0.142, 0.2, 0.198, 0.288, 0.184, 0.412, 0.298, 0.37, 0.386, 0.26, 0.356, 0.48, 0.436, 0.618, 0.22, 0.192, 0.16, 0.15, 0.136, 0.188, 0.128, 0.194, 0.378, 0.4, 0.176, 0.322, 0.406, 0.454, 0.324, 0.516, 0.376, 0.46, 0.346, 0.478, 0.574, 0.228, 0.28, 0.184, 0.17, 0.192, 0.168, 0.14, 0.316, 0.24, 0.15, 0.38, 0.408, 0.39, 0.362, 0.42, 0.346, 0.466, 0.354, 0.488, 0.584, 0.516, 0.256, 0.19, 0.26, 0.17, 0.136, 0.184, 0.336, 0.252, 0.226, 0.262, 0.362, 0.32, 0.298, 0.38, 0.256, 0.334, 0.288, 0.478, 0.488, 0.514, 0.6, 0.174, 0.222, 0.168, 0.132, 0.17, 0.23, 0.256, 0.126, 0.278, 0.358, 0.334, 0.35, 0.158, 0.296, 0.296, 0.278, 0.492, 0.388, 0.394, 0.642, 0.6, 0.236, 0.164, 0.18, 0.218, 0.228, 0.294, 0.152, 0.214, 0.35, 0.34, 0.24, 0.238, 0.234, 0.19, 0.332, 0.454, 0.402, 0.386, 0.508, 0.482, 0.558, 0.208, 0.208, 0.224, 0.146, 0.258, 0.222, 0.268, 0.274, 0.324, 0.224, 0.228, 0.22, 0.156, 0.298, 0.288, 0.452, 0.38, 0.28, 0.34, 0.5, 0.592, 0.184, 0.158, 0.118, 0.14, 0.128, 0.266, 0.302, 0.242, 0.218, 0.234, 0.222, 0.206, 0.268, 0.336, 0.248, 0.402, 0.35, 0.336, 0.48, 0.474, 0.554, 0.142, 0.182, 0.226, 0.17, 0.27, 0.298, 0.242, 0.258, 0.222, 0.18, 0.188, 0.31, 0.392, 0.372, 0.336, 0.332, 0.358, 0.47, 0.432, 0.504, 0.552]
[0.436, 0.17, 0.212, 0.224, 0.148, 0.2, 0.122, 0.206, 0.196, 0.234, 0.242, 0.188, 0.3, 0.164, 0.186, 0.252, 0.194, 0.2, 0.218, 0.068, 0.486, 0.42, 0.164, 0.216, 0.172, 0.162, 0.17, 0.278, 0.204, 0.202, 0.254, 0.162, 0.222, 0.198, 0.144, 0.2, 0.176, 0.2, 0.276, 0.12, 0.306, 0.28, 0.356, 0.152, 0.232, 0.164, 0.274, 0.162, 0.184, 0.154, 0.22, 0.176, 0.23, 0.14, 0.208, 0.254, 0.19, 0.2, 0.198, 0.062, 0.28, 0.244, 0.184, 0.586, 0.208, 0.174, 0.114, 0.226, 0.178, 0.2, 0.23, 0.182, 0.222, 0.21, 0.214, 0.27, 0.234, 0.2, 0.242, 0.274, 0.298, 0.226, 0.192, 0.568, 0.506, 0.168, 0.176, 0.282, 0.202, 0.2, 0.21, 0.226, 0.16, 0.204, 0.26, 0.306, 0.27, 0.2, 0.306, 0.254, 0.296, 0.208, 0.226, 0.446, 0.532, 0.558, 0.166, 0.24, 0.208, 0.196, 0.202, 0.174, 0.23, 0.206, 0.234, 0.248, 0.252, 0.2, 0.192, 0.134, 0.2, 0.202, 0.232, 0.244, 0.402, 0.322, 0.316, 0.236, 0.196, 0.224, 0.18, 0.206, 0.194, 0.244, 0.196, 0.2, 0.216, 0.158, 0.21, 0.25, 0.262, 0.216, 0.248, 0.434, 0.474, 0.656, 0.6, 0.532, 0.208, 0.202, 0.218, 0.18, 0.196, 0.27, 0.21, 0.14, 0.2, 0.2, 0.234, 0.148, 0.226, 0.244, 0.228, 0.234, 0.242, 0.306, 0.28, 0.22, 0.396, 0.258, 0.206, 0.186, 0.152, 0.222, 0.206, 0.198, 0.196, 0.2, 0.192, 0.24, 0.128, 0.228, 0.246, 0.388, 0.324, 0.506, 0.496, 0.434, 0.578, 0.508, 0.18, 0.222, 0.124, 0.192, 0.24, 0.25, 0.292, 0.172, 0.176, 0.254, 0.126, 0.22, 0.294, 0.352, 0.33, 0.472, 0.434, 0.398, 0.492, 0.502, 0.52, 0.164, 0.172, 0.292, 0.202, 0.254, 0.218, 0.2, 0.15, 0.134, 0.228, 0.206, 0.206, 0.412, 0.308, 0.502, 0.406, 0.362, 0.572, 0.374, 0.504, 0.55, 0.188, 0.3, 0.256, 0.254, 0.232, 0.2, 0.11, 0.112, 0.136, 0.226, 0.278, 0.438, 0.296, 0.41, 0.36, 0.27, 0.472, 0.33, 0.452, 0.468, 0.678, 0.248, 0.264, 0.242, 0.262, 0.2, 0.144, 0.108, 0.216, 0.252, 0.264, 0.342, 0.242, 0.418, 0.32, 0.244, 0.508, 0.35, 0.408, 0.412, 0.62, 0.504, 0.2, 0.244, 0.284, 0.214, 0.114, 0.112, 0.084, 0.276, 0.314, 0.194, 0.232, 0.26, 0.278, 0.188, 0.394, 0.364, 0.354, 0.388, 0.436, 0.418, 0.532, 0.244, 0.258, 0.21, 0.136, 0.23, 0.196, 0.214, 0.204, 0.14, 0.238, 0.338, 0.368, 0.21, 0.34, 0.278, 0.296, 0.318, 0.326, 0.388, 0.512, 0.598, 0.262, 0.184, 0.1, 0.166, 0.152, 0.25, 0.202, 0.214, 0.254, 0.348, 0.39, 0.242, 0.35, 0.322, 0.292, 0.322, 0.438, 0.472, 0.544, 0.602, 0.562, 0.202, 0.1, 0.13, 0.168, 0.258, 0.21, 0.194, 0.216, 0.202, 0.318, 0.246, 0.346, 0.282, 0.386, 0.356, 0.41, 0.448, 0.522, 0.56, 0.532, 0.398, 0.112, 0.302, 0.21, 0.254, 0.198, 0.148, 0.21, 0.282, 0.248, 0.21, 0.274, 0.312, 0.34, 0.34, 0.564, 0.438, 0.556, 0.546, 0.526, 0.472, 0.618, 0.112, 0.226, 0.202, 0.28, 0.226, 0.262, 0.198, 0.282, 0.19, 0.28, 0.308, 0.276, 0.254, 0.396, 0.33, 0.462, 0.52, 0.478, 0.426, 0.396, 0.498]
[0.464, 0.198, 0.188, 0.202, 0.2, 0.148, 0.2, 0.208, 0.2, 0.2, 0.192, 0.19, 0.2, 0.2, 0.204, 0.21, 0.218, 0.21, 0.154, 0.196, 0.524, 0.37, 0.21, 0.208, 0.2, 0.19, 0.2, 0.194, 0.198, 0.216, 0.166, 0.254, 0.28, 0.204, 0.2, 0.172, 0.2, 0.198, 0.232, 0.126, 0.314, 0.326, 0.454, 0.256, 0.182, 0.194, 0.196, 0.192, 0.196, 0.252, 0.184, 0.158, 0.268, 0.202, 0.2, 0.206, 0.184, 0.178, 0.17, 0.16, 0.324, 0.264, 0.422, 0.518, 0.2, 0.136, 0.202, 0.204, 0.192, 0.186, 0.212, 0.188, 0.342, 0.2, 0.198, 0.162, 0.216, 0.208, 0.176, 0.214, 0.378, 0.25, 0.412, 0.484, 0.46, 0.172, 0.2, 0.208, 0.246, 0.204, 0.264, 0.212, 0.324, 0.2, 0.19, 0.248, 0.226, 0.212, 0.2, 0.198, 0.39, 0.286, 0.446, 0.358, 0.442, 0.458, 0.2, 0.156, 0.328, 0.198, 0.262, 0.226, 0.288, 0.2, 0.126, 0.228, 0.18, 0.176, 0.192, 0.19, 0.394, 0.26, 0.358, 0.334, 0.354, 0.472, 0.488, 0.152, 0.182, 0.202, 0.242, 0.242, 0.25, 0.2, 0.168, 0.206, 0.238, 0.194, 0.188, 0.206, 0.322, 0.21, 0.338, 0.352, 0.316, 0.398, 0.578, 0.648, 0.158, 0.164, 0.206, 0.236, 0.126, 0.2, 0.188, 0.218, 0.232, 0.224, 0.166, 0.21, 0.326, 0.216, 0.354, 0.232, 0.348, 0.324, 0.416, 0.458, 0.502, 0.19, 0.152, 0.244, 0.188, 0.2, 0.14, 0.232, 0.208, 0.2, 0.122, 0.21, 0.386, 0.15, 0.322, 0.306, 0.354, 0.436, 0.542, 0.562, 0.516, 0.528, 0.198, 0.196, 0.236, 0.2, 0.166, 0.238, 0.182, 0.232, 0.226, 0.202, 0.384, 0.15, 0.282, 0.436, 0.326, 0.35, 0.512, 0.516, 0.514, 0.51, 0.582, 0.248, 0.234, 0.2, 0.21, 0.224, 0.238, 0.222, 0.15, 0.202, 0.392, 0.18, 0.388, 0.432, 0.282, 0.342, 0.404, 0.586, 0.478, 0.37, 0.534, 0.562, 0.316, 0.2, 0.188, 0.232, 0.222, 0.218, 0.156, 0.23, 0.33, 0.128, 0.404, 0.39, 0.264, 0.292, 0.38, 0.428, 0.412, 0.484, 0.49, 0.348, 0.386, 0.2, 0.164, 0.228, 0.142, 0.182, 0.152, 0.228, 0.4, 0.222, 0.328, 0.454, 0.332, 0.364, 0.416, 0.446, 0.372, 0.392, 0.524, 0.448, 0.412, 0.634, 0.154, 0.276, 0.134, 0.222, 0.176, 0.23, 0.32, 0.186, 0.218, 0.232, 0.324, 0.318, 0.266, 0.454, 0.3, 0.244, 0.372, 0.38, 0.262, 0.468, 0.55, 0.204, 0.228, 0.204, 0.246, 0.214, 0.336, 0.128, 0.246, 0.274, 0.27, 0.272, 0.336, 0.276, 0.298, 0.324, 0.324, 0.286, 0.348, 0.336, 0.4, 0.568, 0.194, 0.174, 0.19, 0.226, 0.364, 0.18, 0.15, 0.354, 0.312, 0.294, 0.442, 0.34, 0.24, 0.38, 0.376, 0.29, 0.206, 0.368, 0.442, 0.36, 0.534, 0.206, 0.194, 0.234, 0.248, 0.2, 0.164, 0.29, 0.31, 0.344, 0.524, 0.372, 0.302, 0.422, 0.436, 0.242, 0.264, 0.35, 0.444, 0.338, 0.546, 0.726, 0.152, 0.23, 0.356, 0.194, 0.222, 0.314, 0.27, 0.308, 0.44, 0.412, 0.232, 0.364, 0.406, 0.27, 0.212, 0.298, 0.434, 0.29, 0.498, 0.682, 0.506, 0.21, 0.354, 0.222, 0.164, 0.306, 0.3, 0.34, 0.414, 0.42, 0.286, 0.354, 0.404, 0.364, 0.316, 0.468, 0.422, 0.326, 0.522, 0.618, 0.53, 0.568]
[0.48, 0.2, 0.192, 0.114, 0.148, 0.198, 0.2, 0.148, 0.234, 0.166, 0.188, 0.136, 0.168, 0.196, 0.204, 0.2, 0.294, 0.172, 0.2, 0.26, 0.58, 0.374, 0.158, 0.154, 0.088, 0.226, 0.216, 0.102, 0.184, 0.176, 0.21, 0.18, 0.164, 0.2, 0.176, 0.198, 0.182, 0.164, 0.198, 0.138, 0.348, 0.254, 0.406, 0.15, 0.148, 0.064, 0.188, 0.09, 0.118, 0.288, 0.184, 0.182, 0.202, 0.232, 0.21, 0.19, 0.146, 0.22, 0.134, 0.164, 0.444, 0.362, 0.406, 0.488, 0.31, 0.126, 0.256, 0.232, 0.264, 0.168, 0.176, 0.16, 0.16, 0.234, 0.164, 0.2, 0.214, 0.106, 0.198, 0.154, 0.462, 0.348, 0.394, 0.482, 0.748, 0.11, 0.21, 0.152, 0.132, 0.196, 0.19, 0.148, 0.192, 0.176, 0.192, 0.224, 0.236, 0.16, 0.194, 0.122, 0.446, 0.382, 0.336, 0.366, 0.666, 0.684, 0.262, 0.132, 0.208, 0.192, 0.178, 0.198, 0.202, 0.206, 0.116, 0.216, 0.19, 0.12, 0.196, 0.084, 0.398, 0.21, 0.328, 0.258, 0.496, 0.618, 0.612, 0.084, 0.266, 0.244, 0.146, 0.212, 0.196, 0.174, 0.096, 0.138, 0.166, 0.206, 0.19, 0.158, 0.232, 0.222, 0.338, 0.298, 0.5, 0.564, 0.498, 0.444, 0.194, 0.18, 0.172, 0.214, 0.17, 0.182, 0.134, 0.144, 0.21, 0.206, 0.198, 0.158, 0.318, 0.182, 0.34, 0.24, 0.338, 0.494, 0.316, 0.442, 0.454, 0.238, 0.184, 0.2, 0.15, 0.204, 0.152, 0.148, 0.198, 0.206, 0.198, 0.17, 0.342, 0.206, 0.324, 0.36, 0.496, 0.456, 0.436, 0.362, 0.472, 0.418, 0.152, 0.18, 0.246, 0.194, 0.222, 0.168, 0.188, 0.172, 0.202, 0.188, 0.242, 0.156, 0.342, 0.306, 0.406, 0.34, 0.346, 0.33, 0.406, 0.536, 0.582, 0.204, 0.204, 0.214, 0.18, 0.216, 0.192, 0.204, 0.186, 0.196, 0.23, 0.198, 0.32, 0.202, 0.396, 0.418, 0.43, 0.318, 0.434, 0.396, 0.512, 0.486, 0.242, 0.184, 0.144, 0.204, 0.144, 0.254, 0.196, 0.15, 0.298, 0.246, 0.276, 0.226, 0.33, 0.296, 0.416, 0.354, 0.354, 0.398, 0.468, 0.448, 0.498, 0.202, 0.15, 0.182, 0.084, 0.162, 0.202, 0.17, 0.23, 0.236, 0.29, 0.202, 0.13, 0.246, 0.274, 0.368, 0.336, 0.322, 0.3, 0.404, 0.248, 0.278, 0.096, 0.162, 0.142, 0.228, 0.198, 0.162, 0.28, 0.158, 0.262, 0.266, 0.246, 0.272, 0.328, 0.42, 0.256, 0.478, 0.41, 0.39, 0.456, 0.434, 0.682, 0.154, 0.274, 0.252, 0.142, 0.09, 0.194, 0.106, 0.274, 0.254, 0.256, 0.288, 0.356, 0.37, 0.3, 0.45, 0.392, 0.378, 0.388, 0.492, 0.734, 0.682, 0.184, 0.262, 0.222, 0.19, 0.148, 0.146, 0.238, 0.282, 0.262, 0.282, 0.354, 0.334, 0.324, 0.426, 0.412, 0.434, 0.432, 0.424, 0.71, 0.604, 0.678, 0.176, 0.188, 0.184, 0.094, 0.144, 0.26, 0.288, 0.232, 0.24, 0.302, 0.376, 0.302, 0.448, 0.512, 0.396, 0.436, 0.446, 0.638, 0.584, 0.592, 0.696, 0.184, 0.174, 0.228, 0.152, 0.28, 0.258, 0.212, 0.264, 0.25, 0.378, 0.302, 0.388, 0.266, 0.352, 0.31, 0.286, 0.558, 0.574, 0.414, 0.588, 0.458, 0.274, 0.156, 0.162, 0.262, 0.258, 0.306, 0.23, 0.222, 0.36, 0.284, 0.374, 0.354, 0.296, 0.28, 0.308, 0.494, 0.532, 0.446, 0.556, 0.448, 0.49]
[0.296, 0.202, 0.214, 0.208, 0.08, 0.166, 0.164, 0.172, 0.2, 0.2, 0.182, 0.2, 0.208, 0.2, 0.198, 0.2, 0.2, 0.222, 0.178, 0.2, 0.33, 0.41, 0.256, 0.256, 0.184, 0.218, 0.142, 0.162, 0.266, 0.246, 0.2, 0.204, 0.224, 0.204, 0.192, 0.196, 0.202, 0.214, 0.19, 0.186, 0.316, 0.302, 0.442, 0.218, 0.156, 0.204, 0.266, 0.198, 0.21, 0.32, 0.16, 0.2, 0.21, 0.214, 0.2, 0.212, 0.24, 0.304, 0.198, 0.202, 0.298, 0.288, 0.54, 0.544, 0.06, 0.228, 0.264, 0.202, 0.298, 0.236, 0.196, 0.28, 0.126, 0.29, 0.198, 0.142, 0.32, 0.246, 0.224, 0.198, 0.312, 0.356, 0.488, 0.522, 0.682, 0.206, 0.194, 0.238, 0.296, 0.234, 0.15, 0.23, 0.158, 0.3, 0.184, 0.128, 0.27, 0.202, 0.174, 0.186, 0.35, 0.286, 0.45, 0.5, 0.558, 0.52, 0.156, 0.248, 0.252, 0.252, 0.196, 0.206, 0.24, 0.284, 0.206, 0.166, 0.23, 0.264, 0.224, 0.198, 0.33, 0.296, 0.512, 0.436, 0.574, 0.498, 0.636, 0.252, 0.234, 0.3, 0.196, 0.196, 0.28, 0.192, 0.21, 0.184, 0.284, 0.268, 0.222, 0.2, 0.314, 0.264, 0.506, 0.434, 0.514, 0.428, 0.61, 0.538, 0.262, 0.21, 0.188, 0.212, 0.204, 0.186, 0.202, 0.196, 0.238, 0.252, 0.194, 0.2, 0.314, 0.27, 0.442, 0.406, 0.502, 0.41, 0.628, 0.478, 0.42, 0.196, 0.198, 0.162, 0.31, 0.182, 0.194, 0.22, 0.186, 0.34, 0.216, 0.202, 0.298, 0.212, 0.428, 0.422, 0.426, 0.422, 0.532, 0.412, 0.418, 0.632, 0.198, 0.21, 0.176, 0.166, 0.188, 0.25, 0.186, 0.234, 0.178, 0.202, 0.272, 0.27, 0.354, 0.332, 0.416, 0.31, 0.518, 0.324, 0.43, 0.58, 0.484, 0.23, 0.072, 0.16, 0.198, 0.218, 0.19, 0.226, 0.146, 0.2, 0.264, 0.26, 0.438, 0.31, 0.466, 0.282, 0.492, 0.384, 0.438, 0.482, 0.406, 0.606, 0.094, 0.206, 0.214, 0.13, 0.208, 0.302, 0.144, 0.2, 0.274, 0.276, 0.482, 0.312, 0.556, 0.354, 0.482, 0.4, 0.404, 0.374, 0.39, 0.668, 0.724, 0.182, 0.204, 0.17, 0.194, 0.18, 0.208, 0.204, 0.294, 0.222, 0.34, 0.304, 0.466, 0.386, 0.406, 0.368, 0.368, 0.438, 0.366, 0.574, 0.564, 0.504, 0.202, 0.18, 0.194, 0.286, 0.18, 0.2, 0.282, 0.28, 0.4, 0.328, 0.366, 0.232, 0.364, 0.35, 0.306, 0.296, 0.27, 0.482, 0.526, 0.496, 0.616, 0.204, 0.262, 0.232, 0.17, 0.204, 0.24, 0.164, 0.242, 0.23, 0.28, 0.296, 0.266, 0.236, 0.22, 0.142, 0.258, 0.38, 0.368, 0.362, 0.306, 0.518, 0.202, 0.152, 0.176, 0.202, 0.276, 0.238, 0.366, 0.312, 0.362, 0.256, 0.366, 0.316, 0.348, 0.284, 0.294, 0.508, 0.548, 0.48, 0.4, 0.508, 0.494, 0.256, 0.184, 0.2, 0.302, 0.218, 0.416, 0.326, 0.312, 0.25, 0.408, 0.264, 0.266, 0.326, 0.32, 0.418, 0.5, 0.452, 0.364, 0.456, 0.46, 0.66, 0.2, 0.208, 0.244, 0.266, 0.312, 0.336, 0.266, 0.324, 0.32, 0.25, 0.268, 0.276, 0.292, 0.384, 0.416, 0.436, 0.3, 0.358, 0.254, 0.558, 0.35, 0.202, 0.348, 0.304, 0.302, 0.388, 0.252, 0.232, 0.41, 0.238, 0.248, 0.322, 0.334, 0.38, 0.542, 0.412, 0.356, 0.432, 0.39, 0.658, 0.428, 0.718]
[0.364, 0.188, 0.164, 0.266, 0.17, 0.196, 0.2, 0.158, 0.184, 0.24, 0.212, 0.24, 0.192, 0.188, 0.208, 0.212, 0.19, 0.224, 0.242, 0.2, 0.382, 0.438, 0.194, 0.218, 0.192, 0.202, 0.202, 0.164, 0.196, 0.224, 0.164, 0.206, 0.168, 0.046, 0.082, 0.224, 0.142, 0.19, 0.16, 0.198, 0.31, 0.28, 0.478, 0.158, 0.218, 0.2, 0.158, 0.108, 0.176, 0.202, 0.332, 0.198, 0.158, 0.222, 0.102, 0.184, 0.21, 0.238, 0.216, 0.2, 0.388, 0.372, 0.62, 0.51, 0.208, 0.208, 0.192, 0.122, 0.248, 0.22, 0.202, 0.192, 0.196, 0.196, 0.156, 0.114, 0.22, 0.21, 0.21, 0.214, 0.308, 0.33, 0.512, 0.388, 0.576, 0.194, 0.154, 0.234, 0.206, 0.226, 0.17, 0.198, 0.19, 0.188, 0.118, 0.174, 0.166, 0.262, 0.212, 0.188, 0.324, 0.248, 0.48, 0.318, 0.422, 0.49, 0.174, 0.208, 0.254, 0.194, 0.118, 0.288, 0.192, 0.318, 0.052, 0.216, 0.206, 0.222, 0.174, 0.206, 0.24, 0.34, 0.542, 0.264, 0.352, 0.536, 0.546, 0.122, 0.226, 0.258, 0.228, 0.152, 0.182, 0.25, 0.104, 0.168, 0.19, 0.246, 0.168, 0.28, 0.268, 0.292, 0.496, 0.28, 0.34, 0.42, 0.376, 0.582, 0.238, 0.192, 0.354, 0.146, 0.222, 0.36, 0.086, 0.252, 0.274, 0.206, 0.204, 0.268, 0.248, 0.258, 0.474, 0.27, 0.354, 0.464, 0.346, 0.668, 0.522, 0.226, 0.336, 0.14, 0.144, 0.284, 0.088, 0.214, 0.228, 0.2, 0.174, 0.196, 0.294, 0.212, 0.376, 0.278, 0.314, 0.466, 0.358, 0.594, 0.41, 0.644, 0.232, 0.22, 0.138, 0.34, 0.056, 0.208, 0.182, 0.202, 0.216, 0.2, 0.27, 0.262, 0.322, 0.22, 0.378, 0.41, 0.384, 0.51, 0.398, 0.612, 0.594, 0.192, 0.11, 0.31, 0.168, 0.23, 0.174, 0.202, 0.126, 0.206, 0.232, 0.224, 0.412, 0.208, 0.348, 0.458, 0.378, 0.62, 0.332, 0.676, 0.528, 0.65, 0.11, 0.284, 0.094, 0.25, 0.192, 0.2, 0.158, 0.232, 0.19, 0.268, 0.42, 0.206, 0.35, 0.434, 0.42, 0.63, 0.326, 0.458, 0.514, 0.558, 0.45, 0.13, 0.1, 0.23, 0.242, 0.248, 0.132, 0.2, 0.236, 0.286, 0.322, 0.28, 0.334, 0.432, 0.372, 0.53, 0.254, 0.376, 0.404, 0.456, 0.38, 0.65, 0.174, 0.238, 0.206, 0.242, 0.236, 0.218, 0.236, 0.238, 0.164, 0.248, 0.272, 0.326, 0.486, 0.3, 0.22, 0.47, 0.438, 0.452, 0.302, 0.616, 0.716, 0.232, 0.26, 0.218, 0.238, 0.202, 0.198, 0.296, 0.248, 0.202, 0.318, 0.316, 0.424, 0.406, 0.23, 0.478, 0.424, 0.43, 0.298, 0.512, 0.674, 0.452, 0.248, 0.24, 0.274, 0.216, 0.216, 0.216, 0.236, 0.204, 0.296, 0.344, 0.446, 0.494, 0.292, 0.404, 0.464, 0.442, 0.338, 0.668, 0.528, 0.432, 0.588, 0.214, 0.254, 0.194, 0.312, 0.234, 0.368, 0.218, 0.31, 0.414, 0.362, 0.386, 0.238, 0.39, 0.234, 0.388, 0.294, 0.594, 0.564, 0.388, 0.56, 0.7, 0.278, 0.2, 0.264, 0.206, 0.25, 0.192, 0.258, 0.326, 0.4, 0.39, 0.172, 0.312, 0.292, 0.384, 0.306, 0.388, 0.474, 0.368, 0.482, 0.546, 0.638, 0.216, 0.324, 0.19, 0.308, 0.192, 0.24, 0.26, 0.318, 0.396, 0.2, 0.256, 0.248, 0.394, 0.252, 0.362, 0.39, 0.414, 0.38, 0.408, 0.594, 0.638]
[0.282, 0.224, 0.196, 0.168, 0.204, 0.2, 0.2, 0.208, 0.2, 0.178, 0.21, 0.202, 0.2, 0.2, 0.178, 0.208, 0.196, 0.242, 0.154, 0.2, 0.222, 0.338, 0.196, 0.154, 0.214, 0.22, 0.198, 0.266, 0.226, 0.132, 0.198, 0.202, 0.212, 0.25, 0.204, 0.194, 0.204, 0.194, 0.202, 0.2, 0.28, 0.424, 0.442, 0.132, 0.162, 0.204, 0.2, 0.22, 0.212, 0.184, 0.21, 0.204, 0.196, 0.198, 0.198, 0.234, 0.2, 0.25, 0.182, 0.138, 0.25, 0.326, 0.428, 0.506, 0.212, 0.196, 0.21, 0.178, 0.234, 0.116, 0.196, 0.212, 0.19, 0.184, 0.176, 0.194, 0.172, 0.206, 0.192, 0.204, 0.274, 0.338, 0.408, 0.404, 0.604, 0.214, 0.196, 0.206, 0.232, 0.182, 0.206, 0.154, 0.174, 0.202, 0.196, 0.202, 0.24, 0.164, 0.194, 0.192, 0.268, 0.3, 0.366, 0.368, 0.576, 0.446, 0.196, 0.164, 0.264, 0.21, 0.19, 0.188, 0.11, 0.122, 0.186, 0.19, 0.148, 0.232, 0.198, 0.164, 0.234, 0.334, 0.348, 0.456, 0.578, 0.488, 0.606, 0.274, 0.218, 0.326, 0.186, 0.182, 0.218, 0.302, 0.196, 0.27, 0.24, 0.162, 0.2, 0.182, 0.244, 0.374, 0.324, 0.45, 0.548, 0.418, 0.536, 0.634, 0.194, 0.276, 0.18, 0.194, 0.238, 0.216, 0.196, 0.284, 0.244, 0.246, 0.194, 0.178, 0.24, 0.372, 0.338, 0.434, 0.456, 0.372, 0.478, 0.576, 0.576, 0.256, 0.198, 0.21, 0.22, 0.206, 0.198, 0.28, 0.234, 0.286, 0.202, 0.222, 0.224, 0.34, 0.314, 0.396, 0.446, 0.4, 0.518, 0.522, 0.534, 0.594, 0.196, 0.204, 0.236, 0.314, 0.204, 0.246, 0.25, 0.312, 0.196, 0.254, 0.236, 0.314, 0.286, 0.376, 0.45, 0.358, 0.422, 0.436, 0.444, 0.53, 0.736, 0.206, 0.16, 0.256, 0.194, 0.244, 0.226, 0.184, 0.21, 0.252, 0.238, 0.34, 0.292, 0.4, 0.478, 0.4, 0.326, 0.454, 0.48, 0.566, 0.626, 0.596, 0.184, 0.216, 0.158, 0.226, 0.182, 0.176, 0.216, 0.228, 0.236, 0.312, 0.296, 0.362, 0.424, 0.322, 0.306, 0.41, 0.424, 0.462, 0.498, 0.268, 0.722, 0.23, 0.25, 0.178, 0.234, 0.242, 0.2, 0.276, 0.262, 0.29, 0.278, 0.302, 0.416, 0.262, 0.254, 0.35, 0.292, 0.418, 0.47, 0.226, 0.676, 0.594, 0.192, 0.152, 0.208, 0.23, 0.224, 0.252, 0.274, 0.378, 0.29, 0.374, 0.43, 0.318, 0.236, 0.422, 0.368, 0.45, 0.536, 0.444, 0.632, 0.628, 0.51, 0.1, 0.182, 0.264, 0.192, 0.26, 0.166, 0.358, 0.258, 0.33, 0.352, 0.292, 0.264, 0.298, 0.258, 0.378, 0.394, 0.454, 0.408, 0.408, 0.402, 0.57, 0.224, 0.312, 0.218, 0.236, 0.216, 0.328, 0.192, 0.384, 0.392, 0.384, 0.288, 0.354, 0.32, 0.398, 0.412, 0.478, 0.404, 0.54, 0.452, 0.724, 0.514, 0.326, 0.226, 0.226, 0.23, 0.274, 0.202, 0.302, 0.472, 0.316, 0.246, 0.404, 0.278, 0.34, 0.448, 0.314, 0.442, 0.554, 0.434, 0.552, 0.526, 0.626, 0.182, 0.222, 0.218, 0.156, 0.22, 0.346, 0.196, 0.18, 0.222, 0.322, 0.238, 0.314, 0.268, 0.298, 0.14, 0.28, 0.358, 0.556, 0.404, 0.26, 0.486, 0.17, 0.228, 0.296, 0.218, 0.312, 0.3, 0.258, 0.208, 0.338, 0.236, 0.324, 0.516, 0.396, 0.492, 0.544, 0.392, 0.582, 0.448, 0.45, 0.644, 0.582]
[0.202, 0.198, 0.244, 0.12, 0.204, 0.2, 0.208, 0.2, 0.2, 0.198, 0.2, 0.198, 0.206, 0.2, 0.188, 0.186, 0.158, 0.2, 0.168, 0.242, 0.394, 0.53, 0.168, 0.158, 0.184, 0.2, 0.212, 0.24, 0.31, 0.264, 0.316, 0.238, 0.222, 0.212, 0.116, 0.21, 0.186, 0.234, 0.21, 0.188, 0.324, 0.49, 0.46, 0.18, 0.166, 0.202, 0.214, 0.236, 0.238, 0.3, 0.284, 0.204, 0.256, 0.212, 0.054, 0.234, 0.228, 0.198, 0.264, 0.2, 0.362, 0.458, 0.402, 0.576, 0.206, 0.334, 0.204, 0.246, 0.174, 0.194, 0.294, 0.168, 0.226, 0.206, 0.11, 0.256, 0.24, 0.14, 0.184, 0.174, 0.37, 0.394, 0.382, 0.602, 0.376, 0.33, 0.206, 0.17, 0.186, 0.238, 0.28, 0.238, 0.214, 0.218, 0.074, 0.282, 0.164, 0.178, 0.214, 0.188, 0.312, 0.392, 0.324, 0.538, 0.428, 0.8, 0.192, 0.238, 0.202, 0.198, 0.312, 0.232, 0.262, 0.206, 0.062, 0.262, 0.164, 0.214, 0.284, 0.202, 0.302, 0.36, 0.378, 0.538, 0.36, 0.764, 0.458, 0.228, 0.228, 0.172, 0.31, 0.216, 0.236, 0.214, 0.12, 0.302, 0.176, 0.244, 0.272, 0.214, 0.342, 0.332, 0.298, 0.508, 0.346, 0.722, 0.358, 0.532, 0.154, 0.208, 0.454, 0.244, 0.208, 0.168, 0.128, 0.23, 0.174, 0.18, 0.262, 0.198, 0.304, 0.282, 0.272, 0.522, 0.276, 0.59, 0.3, 0.37, 0.61, 0.15, 0.388, 0.14, 0.232, 0.148, 0.092, 0.284, 0.206, 0.15, 0.234, 0.184, 0.286, 0.23, 0.28, 0.416, 0.31, 0.552, 0.264, 0.442, 0.426, 0.434, 0.312, 0.174, 0.238, 0.154, 0.078, 0.276, 0.178, 0.18, 0.278, 0.188, 0.282, 0.322, 0.272, 0.356, 0.306, 0.594, 0.266, 0.488, 0.588, 0.488, 0.7, 0.188, 0.252, 0.166, 0.056, 0.278, 0.21, 0.14, 0.264, 0.192, 0.33, 0.312, 0.276, 0.322, 0.35, 0.524, 0.26, 0.498, 0.554, 0.52, 0.646, 0.536, 0.25, 0.194, 0.122, 0.256, 0.208, 0.164, 0.218, 0.178, 0.246, 0.3, 0.226, 0.466, 0.28, 0.602, 0.228, 0.406, 0.596, 0.552, 0.574, 0.466, 0.594, 0.234, 0.106, 0.22, 0.186, 0.14, 0.2, 0.18, 0.224, 0.334, 0.27, 0.502, 0.29, 0.486, 0.302, 0.426, 0.558, 0.438, 0.57, 0.374, 0.49, 0.566, 0.166, 0.228, 0.198, 0.12, 0.204, 0.172, 0.236, 0.314, 0.18, 0.448, 0.21, 0.496, 0.23, 0.338, 0.554, 0.492, 0.468, 0.406, 0.492, 0.53, 0.58, 0.228, 0.184, 0.136, 0.204, 0.16, 0.26, 0.388, 0.294, 0.376, 0.29, 0.554, 0.196, 0.358, 0.408, 0.478, 0.468, 0.438, 0.37, 0.368, 0.422, 0.526, 0.18, 0.178, 0.198, 0.184, 0.246, 0.334, 0.262, 0.482, 0.28, 0.482, 0.278, 0.322, 0.456, 0.528, 0.496, 0.388, 0.402, 0.424, 0.496, 0.49, 0.588, 0.134, 0.236, 0.224, 0.278, 0.368, 0.238, 0.374, 0.234, 0.586, 0.242, 0.35, 0.486, 0.492, 0.454, 0.396, 0.468, 0.432, 0.426, 0.566, 0.482, 0.508, 0.194, 0.24, 0.3, 0.332, 0.256, 0.294, 0.202, 0.438, 0.23, 0.348, 0.492, 0.496, 0.486, 0.36, 0.38, 0.392, 0.41, 0.56, 0.498, 0.46, 0.704, 0.232, 0.258, 0.292, 0.22, 0.286, 0.194, 0.4, 0.242, 0.356, 0.324, 0.452, 0.388, 0.36, 0.33, 0.438, 0.442, 0.484, 0.37, 0.404, 0.53, 0.714]
[0.498, 0.188, 0.286, 0.23, 0.204, 0.2, 0.196, 0.208, 0.2, 0.2, 0.2, 0.2, 0.098, 0.24, 0.208, 0.13, 0.2, 0.26, 0.188, 0.194, 0.572, 0.55, 0.244, 0.22, 0.234, 0.138, 0.23, 0.254, 0.2, 0.2, 0.196, 0.2, 0.196, 0.206, 0.176, 0.22, 0.196, 0.286, 0.19, 0.2, 0.43, 0.45, 0.548, 0.22, 0.23, 0.082, 0.306, 0.19, 0.158, 0.202, 0.184, 0.2, 0.19, 0.234, 0.244, 0.178, 0.186, 0.242, 0.218, 0.2, 0.564, 0.422, 0.56, 0.474, 0.198, 0.078, 0.352, 0.122, 0.192, 0.198, 0.192, 0.2, 0.142, 0.186, 0.246, 0.188, 0.208, 0.242, 0.196, 0.094, 0.436, 0.394, 0.382, 0.444, 0.294, 0.142, 0.326, 0.132, 0.198, 0.198, 0.19, 0.2, 0.178, 0.19, 0.254, 0.198, 0.218, 0.234, 0.2, 0.142, 0.374, 0.398, 0.384, 0.392, 0.36, 0.666, 0.304, 0.154, 0.202, 0.2, 0.198, 0.2, 0.18, 0.17, 0.23, 0.184, 0.216, 0.238, 0.19, 0.108, 0.462, 0.376, 0.42, 0.408, 0.362, 0.614, 0.548, 0.126, 0.204, 0.2, 0.198, 0.2, 0.148, 0.178, 0.246, 0.148, 0.194, 0.278, 0.198, 0.14, 0.484, 0.504, 0.378, 0.352, 0.37, 0.648, 0.474, 0.48, 0.212, 0.2, 0.196, 0.2, 0.17, 0.196, 0.25, 0.184, 0.194, 0.254, 0.204, 0.144, 0.418, 0.486, 0.376, 0.356, 0.33, 0.572, 0.412, 0.478, 0.644, 0.2, 0.178, 0.2, 0.194, 0.196, 0.286, 0.234, 0.214, 0.244, 0.2, 0.22, 0.382, 0.38, 0.346, 0.24, 0.204, 0.378, 0.3, 0.378, 0.518, 0.558, 0.194, 0.2, 0.214, 0.164, 0.216, 0.212, 0.202, 0.276, 0.186, 0.176, 0.332, 0.464, 0.346, 0.278, 0.26, 0.606, 0.436, 0.408, 0.628, 0.576, 0.516, 0.2, 0.23, 0.182, 0.208, 0.158, 0.176, 0.248, 0.196, 0.186, 0.36, 0.424, 0.34, 0.376, 0.246, 0.536, 0.416, 0.476, 0.474, 0.464, 0.44, 0.606, 0.19, 0.21, 0.25, 0.198, 0.16, 0.15, 0.194, 0.118, 0.274, 0.33, 0.364, 0.356, 0.216, 0.544, 0.414, 0.382, 0.526, 0.538, 0.476, 0.534, 0.47, 0.194, 0.192, 0.146, 0.158, 0.204, 0.206, 0.18, 0.31, 0.316, 0.33, 0.288, 0.224, 0.444, 0.266, 0.428, 0.536, 0.472, 0.388, 0.518, 0.394, 0.674, 0.17, 0.126, 0.192, 0.224, 0.256, 0.106, 0.358, 0.324, 0.356, 0.29, 0.212, 0.456, 0.304, 0.35, 0.54, 0.486, 0.336, 0.512, 0.458, 0.7, 0.492, 0.2, 0.15, 0.25, 0.2, 0.194, 0.34, 0.292, 0.298, 0.276, 0.192, 0.534, 0.294, 0.408, 0.552, 0.504, 0.4, 0.504, 0.398, 0.652, 0.482, 0.546, 0.186, 0.216, 0.204, 0.2, 0.482, 0.372, 0.314, 0.242, 0.182, 0.332, 0.288, 0.346, 0.49, 0.296, 0.42, 0.488, 0.322, 0.554, 0.358, 0.412, 0.524, 0.25, 0.2, 0.182, 0.492, 0.404, 0.352, 0.212, 0.186, 0.336, 0.246, 0.342, 0.492, 0.326, 0.438, 0.41, 0.316, 0.518, 0.37, 0.366, 0.482, 0.638, 0.202, 0.182, 0.53, 0.408, 0.226, 0.236, 0.224, 0.266, 0.174, 0.308, 0.364, 0.21, 0.268, 0.44, 0.216, 0.428, 0.328, 0.31, 0.388, 0.556, 0.608, 0.188, 0.416, 0.418, 0.184, 0.27, 0.218, 0.294, 0.218, 0.312, 0.416, 0.222, 0.268, 0.41, 0.284, 0.5, 0.368, 0.41, 0.458, 0.518, 0.59, 0.646]
[0.31, 0.212, 0.188, 0.184, 0.194, 0.204, 0.2, 0.2, 0.2, 0.202, 0.2, 0.2, 0.2, 0.2, 0.2, 0.184, 0.234, 0.152, 0.2, 0.2, 0.304, 0.402, 0.206, 0.236, 0.2, 0.2, 0.204, 0.192, 0.26, 0.2, 0.212, 0.198, 0.184, 0.224, 0.114, 0.098, 0.214, 0.224, 0.22, 0.224, 0.244, 0.39, 0.394, 0.216, 0.19, 0.242, 0.17, 0.186, 0.242, 0.218, 0.232, 0.2, 0.206, 0.266, 0.18, 0.188, 0.218, 0.16, 0.208, 0.212, 0.242, 0.478, 0.426, 0.356, 0.198, 0.208, 0.214, 0.206, 0.228, 0.206, 0.124, 0.218, 0.21, 0.208, 0.254, 0.188, 0.236, 0.212, 0.16, 0.184, 0.23, 0.534, 0.43, 0.408, 0.548, 0.216, 0.212, 0.226, 0.226, 0.238, 0.198, 0.196, 0.25, 0.216, 0.26, 0.166, 0.224, 0.124, 0.196, 0.188, 0.258, 0.346, 0.394, 0.342, 0.53, 0.514, 0.198, 0.23, 0.224, 0.204, 0.132, 0.196, 0.214, 0.218, 0.166, 0.096, 0.23, 0.172, 0.232, 0.206, 0.286, 0.402, 0.372, 0.414, 0.472, 0.478, 0.742, 0.21, 0.292, 0.246, 0.118, 0.212, 0.242, 0.228, 0.222, 0.086, 0.214, 0.214, 0.234, 0.178, 0.254, 0.338, 0.402, 0.312, 0.606, 0.508, 0.654, 0.578, 0.204, 0.206, 0.182, 0.222, 0.208, 0.204, 0.314, 0.136, 0.308, 0.222, 0.17, 0.186, 0.35, 0.37, 0.368, 0.332, 0.602, 0.468, 0.656, 0.558, 0.482, 0.21, 0.17, 0.198, 0.218, 0.202, 0.36, 0.146, 0.264, 0.146, 0.192, 0.156, 0.24, 0.348, 0.288, 0.37, 0.466, 0.428, 0.588, 0.53, 0.434, 0.606, 0.226, 0.21, 0.248, 0.21, 0.28, 0.146, 0.212, 0.164, 0.244, 0.152, 0.172, 0.336, 0.272, 0.278, 0.378, 0.412, 0.458, 0.446, 0.336, 0.46, 0.618, 0.222, 0.18, 0.18, 0.372, 0.194, 0.188, 0.17, 0.27, 0.176, 0.222, 0.374, 0.362, 0.302, 0.366, 0.39, 0.528, 0.544, 0.442, 0.446, 0.624, 0.62, 0.194, 0.21, 0.344, 0.162, 0.224, 0.192, 0.208, 0.164, 0.244, 0.336, 0.354, 0.298, 0.436, 0.39, 0.542, 0.46, 0.346, 0.432, 0.516, 0.592, 0.632, 0.262, 0.358, 0.22, 0.218, 0.134, 0.272, 0.136, 0.182, 0.294, 0.31, 0.312, 0.464, 0.418, 0.424, 0.362, 0.28, 0.466, 0.412, 0.336, 0.308, 0.436, 0.198, 0.33, 0.222, 0.146, 0.232, 0.122, 0.222, 0.322, 0.342, 0.33, 0.454, 0.454, 0.586, 0.432, 0.354, 0.372, 0.524, 0.582, 0.47, 0.582, 0.634, 0.322, 0.212, 0.17, 0.294, 0.152, 0.196, 0.268, 0.364, 0.306, 0.368, 0.406, 0.412, 0.382, 0.308, 0.34, 0.46, 0.506, 0.526, 0.54, 0.51, 0.742, 0.252, 0.228, 0.236, 0.174, 0.188, 0.312, 0.34, 0.242, 0.19, 0.3, 0.39, 0.396, 0.276, 0.35, 0.32, 0.476, 0.438, 0.36, 0.43, 0.556, 0.5, 0.154, 0.25, 0.19, 0.21, 0.298, 0.316, 0.272, 0.318, 0.266, 0.342, 0.336, 0.27, 0.316, 0.47, 0.522, 0.37, 0.494, 0.39, 0.528, 0.458, 0.656, 0.244, 0.192, 0.23, 0.278, 0.312, 0.29, 0.346, 0.242, 0.328, 0.296, 0.26, 0.324, 0.36, 0.4, 0.454, 0.506, 0.352, 0.554, 0.36, 0.7, 0.6, 0.206, 0.242, 0.288, 0.318, 0.22, 0.27, 0.342, 0.204, 0.334, 0.246, 0.328, 0.398, 0.396, 0.408, 0.418, 0.388, 0.544, 0.346, 0.54, 0.542, 0.596]
